month,eurusd,eurgbp,eurinr,estr,euribor3m,dfr,hicp,de10y,fr10y,it10y,es10y,sx5e,yc2y,yc10y
2015-01,1.162,0.767,72.214,,0.063,-0.2,-0.6,0.39,0.67,1.702,1.543,3207.258,-0.133,0.512
2015-02,1.135,0.741,70.436,,0.048,-0.2,-0.3,0.3,0.6,1.557,1.518,3453.786,-0.18,0.409
2015-03,1.084,0.724,67.739,,0.027,-0.2,-0.1,0.23,0.51,1.294,1.229,3655.306,-0.201,0.309
2015-04,1.078,0.721,67.643,,0.005,-0.2,0.2,0.12,0.44,1.357,1.31,3733.801,-0.237,0.227
2015-05,1.115,0.721,71.115,,-0.01,-0.2,0.6,0.56,0.89,1.812,1.784,3617.865,-0.207,0.675
2015-06,1.121,0.721,71.587,,-0.014,-0.2,0.5,0.79,1.2,2.199,2.223,3521.775,-0.198,0.956
2015-07,1.1,0.707,69.996,,-0.019,-0.2,0.5,0.71,1.11,2.042,2.1,3545.098,-0.248,0.881
2015-08,1.114,0.714,72.536,,-0.028,-0.2,0.4,0.61,1.01,1.839,1.957,3444.406,-0.255,0.744
2015-09,1.122,0.731,74.299,,-0.037,-0.2,0.2,0.65,1,1.92,2.025,3165.461,-0.246,0.776
2015-10,1.124,0.733,73.112,,-0.054,-0.2,0.4,0.52,0.87,1.696,1.725,3275.479,-0.282,0.649
2015-11,1.074,0.707,71.041,,-0.088,-0.2,0.1,0.52,0.88,1.57,1.719,3439.571,-0.354,0.659
2015-12,1.088,0.726,72.385,,-0.126,-0.3,0.3,0.55,0.93,1.579,1.685,3288.634,-0.342,0.707
2016-01,1.086,0.755,73.204,,-0.146,-0.3,0.3,0.43,0.84,1.534,1.719,3030.505,-0.404,0.621
2016-02,1.109,0.776,75.717,,-0.184,-0.3,-0.1,0.17,0.59,1.558,1.724,2862.588,-0.492,0.339
2016-03,1.11,0.78,74.302,,-0.229,-0.4,0,0.17,0.51,1.375,1.542,3031.418,-0.496,0.317
2016-04,1.134,0.792,75.382,,-0.249,-0.4,-0.3,0.13,0.51,1.442,1.526,3031.184,-0.499,0.244
2016-05,1.131,0.778,75.702,,-0.257,-0.4,-0.1,0.13,0.51,1.526,1.57,2983.703,-0.527,0.217
2016-06,1.123,0.79,75.559,,-0.268,-0.4,0,-0.02,0.39,1.453,1.48,2910.802,-0.591,0.051
2016-07,1.107,0.841,74.374,,-0.295,-0.4,0.2,-0.15,0.17,1.227,1.173,2919.079,-0.667,-0.102
2016-08,1.121,0.855,75.03,,-0.298,-0.4,0.2,-0.13,0.15,1.176,1.008,2992.867,-0.649,-0.118
2016-09,1.121,0.852,74.822,,-0.302,-0.4,0.4,-0.09,0.18,1.266,1.041,3012.093,-0.675,-0.074
2016-10,1.103,0.894,73.578,,-0.309,-0.4,0.5,0,0.33,1.45,1.072,3042.332,-0.696,0.015
2016-11,1.08,0.869,73.055,,-0.313,-0.4,0.6,0.19,0.67,1.943,1.426,3026.396,-0.703,0.254
2016-12,1.054,0.844,71.539,,-0.316,-0.4,1.1,0.25,0.75,1.886,1.44,3207.271,-0.779,0.349
2017-01,1.061,0.861,72.282,,-0.326,-0.4,1.7,0.25,0.86,1.991,1.458,3298.77,-0.733,0.379
2017-02,1.064,0.853,71.291,,-0.329,-0.4,2,0.26,1.03,2.352,1.703,3293.097,-0.821,0.378
2017-03,1.068,0.866,70.324,,-0.329,-0.4,1.5,0.35,1.02,2.401,1.717,3427.104,-0.795,0.432
2017-04,1.072,0.848,69.202,,-0.33,-0.4,1.9,0.22,0.88,2.257,1.613,3491.834,-0.788,0.318
2017-05,1.106,0.856,71.268,,-0.329,-0.4,1.4,0.34,0.81,2.194,1.571,3601.872,-0.696,0.436
2017-06,1.123,0.877,72.38,,-0.33,-0.4,1.3,0.25,0.66,2.053,1.453,3547.849,-0.688,0.37
2017-07,1.151,0.886,74.194,,-0.33,-0.4,1.3,0.46,0.84,2.231,1.599,3483.894,-0.632,0.584
2017-08,1.181,0.911,75.546,,-0.329,-0.4,1.5,0.35,0.71,2.11,1.483,3451.342,-0.699,0.45
2017-09,1.191,0.895,76.8,,-0.329,-0.4,1.6,0.35,0.7,2.109,1.537,3507.122,-0.721,0.449
2017-10,1.176,0.891,76.498,,-0.33,-0.4,1.4,0.37,0.81,2.074,1.605,3614.745,-0.721,0.485
2017-11,1.174,0.888,76.125,,-0.329,-0.4,1.5,0.31,0.72,1.789,1.486,3601.431,-0.736,0.431
2017-12,1.184,0.883,76.066,,-0.328,-0.4,1.3,0.3,0.67,1.795,1.443,3564.655,-0.715,0.42
2018-01,1.22,0.883,77.656,,-0.328,-0.4,1.3,0.47,0.85,1.984,1.473,3612.164,-0.578,0.605
2018-02,1.235,0.884,79.561,,-0.329,-0.4,1.1,0.66,0.98,2.081,1.509,3426.71,-0.55,0.769
2018-03,1.234,0.883,80.253,,-0.328,-0.4,1.4,0.53,0.83,1.965,1.334,3374.295,-0.587,0.643
2018-04,1.228,0.872,80.655,,-0.328,-0.4,1.2,0.48,0.78,1.773,1.206,3457.618,-0.573,0.602
2018-05,1.181,0.877,79.789,,-0.325,-0.4,2,0.45,0.79,2.18,1.389,3537.087,-0.6,0.581
2018-06,1.168,0.879,79.16,,-0.322,-0.4,2,0.33,0.75,2.744,1.371,3442.768,-0.654,0.473
2018-07,1.169,0.887,80.3,,-0.321,-0.4,2.2,0.28,0.67,2.643,1.325,3460.887,-0.649,0.388
2018-08,1.155,0.897,80.426,,-0.319,-0.4,2.1,0.29,0.7,3.161,1.396,3436.828,-0.628,0.39
2018-09,1.166,0.893,84.211,,-0.319,-0.4,2.1,0.37,0.77,2.959,1.459,3365.227,-0.561,0.477
2018-10,1.148,0.883,84.545,,-0.318,-0.4,2.3,0.4,0.82,3.469,1.595,3244.55,-0.589,0.511
2018-11,1.137,0.881,81.561,,-0.316,-0.4,1.9,0.31,0.76,3.39,1.587,3186.404,-0.62,0.444
2018-12,1.138,0.898,80.617,,-0.312,-0.4,1.5,0.19,0.7,2.975,1.423,3057.839,-0.641,0.316
2019-01,1.142,0.886,80.798,,-0.308,-0.4,1.4,0.13,0.65,2.77,1.376,3088.654,-0.614,0.253
2019-02,1.135,0.873,80.86,,-0.308,-0.4,1.5,0.06,0.55,2.812,1.306,3223.071,-0.569,0.17
2019-03,1.13,0.858,78.561,,-0.309,-0.4,1.4,0.01,0.44,2.69,1.134,3332.855,-0.564,0.107
2019-04,1.124,0.862,78.003,,-0.31,-0.4,1.7,-0.04,0.37,2.618,1.049,3458.765,-0.597,0.057
2019-05,1.118,0.872,78.08,,-0.312,-0.4,1.2,-0.13,0.3,2.644,0.873,3385.412,-0.639,-0.026
2019-06,1.129,0.891,78.408,,-0.329,-0.4,1.3,-0.31,0.08,2.284,0.496,3405.953,-0.704,-0.206
2019-07,1.122,0.899,77.128,,-0.365,-0.4,1,-0.39,-0.07,1.654,0.354,3507.803,-0.765,-0.296
2019-08,1.113,0.916,79.19,,-0.408,-0.4,1,-0.65,-0.34,1.404,0.141,3355.324,-0.888,-0.588
2019-09,1.1,0.891,78.568,,-0.418,-0.5,0.8,-0.59,-0.27,0.902,0.18,3514.531,-0.817,-0.527
2019-10,1.105,0.875,78.518,-0.549,-0.413,-0.5,0.7,-0.47,-0.16,1.004,0.203,3551.223,-0.73,-0.403
2019-11,1.105,0.858,78.98,-0.536,-0.401,-0.5,1,-0.35,-0.02,1.266,0.386,3693.141,-0.658,-0.28
2019-12,1.111,0.847,79.109,-0.541,-0.395,-0.5,1.3,-0.3,0.04,1.37,0.435,3715.334,-0.651,-0.218
2020-01,1.11,0.849,79.134,-0.538,-0.391,-0.5,1.4,-0.31,-0.01,1.275,0.42,3758.241,-0.626,-0.24
2020-02,1.091,0.841,77.982,-0.538,-0.409,-0.5,1.2,-0.47,-0.18,0.955,0.272,3734.924,-0.67,-0.393
2020-03,1.106,0.895,82.437,-0.534,-0.417,-0.5,0.7,-0.54,-0.05,1.551,0.523,2824.178,-0.79,-0.458
2020-04,1.086,0.875,82.787,-0.537,-0.254,-0.5,0.3,-0.45,0.06,1.799,0.824,2839.576,-0.658,-0.346
2020-05,1.09,0.887,82.498,-0.542,-0.272,-0.5,0.1,-0.516,-0.03,1.762,0.742,2909.324,-0.679,-0.403
2020-06,1.125,0.899,85.221,-0.546,-0.376,-0.5,0.3,-0.434,-0.04,1.455,0.511,3237.393,-0.653,-0.346
2020-07,1.146,0.905,85.885,-0.55,-0.444,-0.5,0.4,-0.523,-0.15,1.196,0.371,3316.291,-0.681,-0.432
2020-08,1.183,0.901,88.231,-0.553,-0.48,-0.5,-0.2,-0.522,-0.17,1.032,0.293,3297.668,-0.684,-0.445
2020-09,1.179,0.909,86.727,-0.554,-0.491,-0.5,-0.3,-0.524,-0.21,0.981,0.272,3260.733,-0.696,-0.462
2020-10,1.178,0.907,86.589,-0.554,-0.509,-0.5,-0.3,-0.607,-0.3,0.77,0.167,3180.39,-0.752,-0.545
2020-11,1.184,0.896,87.855,-0.556,-0.521,-0.5,-0.3,-0.614,-0.32,0.664,0.093,3391.794,-0.761,-0.55
2020-12,1.217,0.906,89.608,-0.557,-0.538,-0.5,-0.3,-0.618,-0.34,0.578,0.039,3530.947,-0.768,-0.561
2021-01,1.217,0.893,88.994,-0.563,-0.547,-0.5,0.9,-0.583,-0.31,0.616,0.075,3592.235,-0.741,-0.536
2021-02,1.21,0.873,88.076,-0.564,-0.541,-0.5,0.9,-0.446,-0.15,0.59,0.225,3667.143,-0.713,-0.379
2021-03,1.19,0.859,86.655,-0.564,-0.539,-0.5,1.3,-0.364,-0.07,0.704,0.308,3813.293,-0.715,-0.3
2021-04,1.198,0.865,89.421,-0.566,-0.538,-0.5,1.6,-0.325,-0.01,0.797,0.369,3987.287,-0.72,-0.247
2021-05,1.215,0.863,88.917,-0.565,-0.54,-0.5,2,-0.223,0.21,0.984,0.519,4003.591,-0.692,-0.134
2021-06,1.205,0.859,88.63,-0.565,-0.543,-0.5,1.9,-0.288,0.15,0.875,0.448,4105.809,-0.705,-0.191
2021-07,1.182,0.856,88.113,-0.566,-0.545,-0.5,2.2,-0.45,-0.01,0.748,0.331,4062.607,-0.747,-0.349
2021-08,1.177,0.853,87.257,-0.568,-0.548,-0.5,3,-0.539,-0.12,0.628,0.214,4177.026,-0.794,-0.457
2021-09,1.177,0.857,86.633,-0.57,-0.545,-0.5,3.4,-0.363,0.04,0.777,0.327,4158.286,-0.746,-0.29
2021-10,1.16,0.847,86.957,-0.571,-0.55,-0.5,4.1,-0.206,0.2,0.955,0.468,4132.229,-0.694,-0.128
2021-11,1.141,0.848,85.004,-0.573,-0.567,-0.5,4.9,-0.312,0.1,1.01,0.473,4306.355,-0.778,-0.242
2021-12,1.13,0.849,85.176,-0.577,-0.582,-0.5,5,-0.383,0.05,1.047,0.412,4207.864,-0.731,-0.301
2022-01,1.131,0.835,84.227,-0.578,-0.56,-0.5,5.1,-0.115,0.31,1.346,0.663,4252.326,-0.63,-0.065
2022-02,1.134,0.838,85.031,-0.577,-0.531,-0.5,5.9,0.15,0.68,1.794,1.106,4084.097,-0.443,0.239
2022-03,1.102,0.836,83.993,-0.579,-0.495,-0.5,7.4,0.282,0.78,1.854,1.218,3796.599,-0.399,0.364
2022-04,1.082,0.837,82.403,-0.584,-0.448,-0.5,7.4,0.745,1.28,2.436,1.685,3837.343,0.045,0.825
2022-05,1.058,0.85,81.783,-0.585,-0.386,-0.5,8.1,0.953,1.52,2.99,2.041,3691.774,0.201,1.057
2022-06,1.057,0.858,82.511,-0.582,-0.239,-0.5,8.6,1.446,2.06,3.635,2.63,3587.624,0.824,1.58
2022-07,1.018,0.85,81.018,-0.511,0.037,0,8.9,1.082,1.71,3.359,2.314,3523.291,0.431,1.23
2022-08,1.013,0.845,80.556,-0.085,0.395,0,9.1,1.033,1.69,3.297,2.146,3701.055,0.599,1.168
2022-09,0.99,0.875,79.456,0.355,1.011,0.75,9.9,1.796,2.41,4.138,2.917,3466.188,1.41,1.864
2022-10,0.983,0.871,80.918,0.656,1.428,0.75,10.6,2.186,2.77,4.532,3.293,3464.576,1.845,2.302
2022-11,1.02,0.869,83.338,1.368,1.825,1.5,10.1,2.066,2.58,4.243,3.065,3839.956,2.041,2.167
2022-12,1.059,0.87,87.338,1.568,2.063,2,9.2,2.085,2.62,4.257,3.088,3884.673,2.203,2.166
2023-01,1.077,0.882,88.144,1.902,2.345,2,8.6,2.192,2.69,4.243,3.204,4092.674,2.464,2.27
2023-02,1.072,0.885,88.5,2.275,2.64,2.5,8.5,2.37,2.87,4.27,3.385,4238.134,2.7,2.458
2023-03,1.071,0.882,88.116,2.572,2.911,3,6.9,2.383,2.92,4.24,3.433,4201.735,2.723,2.468
2023-04,1.097,0.881,89.931,2.9,3.179,3,7,2.359,2.9,4.234,3.398,4358.267,2.718,2.47
2023-05,1.087,0.87,89.46,3.08,3.372,3.25,6.1,2.341,2.94,4.313,3.413,4319.32,2.648,2.455
2023-06,1.084,0.859,89.113,3.238,3.536,3.5,5.5,2.377,2.93,4.074,3.398,4324.439,2.942,2.478
2023-07,1.106,0.859,90.839,3.402,3.672,3.5,5.3,2.457,3.04,4.157,3.49,4364.507,3.097,2.556
2023-08,1.091,0.859,90.352,3.642,3.78,3.75,5.2,2.545,3.11,4.221,3.571,4296.844,2.986,2.646
2023-09,1.068,0.862,88.737,3.747,3.88,4,4.3,2.66,3.24,4.513,3.713,4227.228,3.11,2.764
2023-10,1.056,0.868,87.894,3.901,3.968,4,2.9,2.823,3.45,4.885,3.946,4103.953,3.103,2.908
2023-11,1.081,0.87,90.01,3.902,3.972,4,2.4,2.602,3.19,4.428,3.646,4275.041,2.966,2.672
2023-12,1.09,0.862,90.801,3.902,3.935,4,2.9,2.101,2.65,3.821,3.117,4508.593,2.573,2.196
2024-01,1.091,0.859,90.635,3.904,3.925,4,2.8,2.175,2.74,3.811,3.175,4505.776,2.571,2.289
2024-02,1.079,0.855,89.561,3.907,3.923,4,2.6,2.331,2.85,3.872,3.268,4758.887,2.759,2.431
2024-03,1.087,0.855,90.252,3.907,3.923,4,2.4,2.349,2.82,3.696,3.189,4989.648,2.85,2.415
2024-04,1.073,0.857,89.468,3.908,3.885,4,2.4,2.446,2.97,3.856,3.271,4981.407,2.881,2.535
2024-05,1.081,0.856,90.157,3.907,3.813,4,2.6,2.518,3.03,3.844,3.299,5022.56,2.951,2.588
2024-06,1.076,0.846,89.811,3.749,3.724,3.75,2.5,2.484,3.15,3.942,3.349,4951.974,2.87,2.549
2024-07,1.084,0.843,90.656,3.663,3.685,3.75,2.6,2.458,3.14,3.83,3.275,4913.889,2.78,2.505
2024-08,1.101,0.852,92.406,3.663,3.548,3.75,2.2,2.208,2.94,3.682,3.069,4788.511,2.392,2.326
2024-09,1.111,0.84,93.081,3.557,3.434,3.5,1.7,2.166,2.9,3.565,2.986,4876.99,2.188,2.291
2024-10,1.09,0.835,91.627,3.338,3.167,3.25,2,2.228,2.99,3.501,2.963,4948.44,2.111,2.362
2024-11,1.063,0.834,89.672,3.164,3.007,3.25,2.2,2.305,3.09,3.569,3.053,4795.106,2.084,2.41
2024-12,1.048,0.828,89.045,3.064,2.825,3,2.4,2.178,3.01,3.321,2.886,4918.339,1.963,2.285
2025-01,1.035,0.839,89.342,2.919,2.704,3,2.5,2.484,3.32,3.676,3.173,5098.117,2.173,2.599
2025-02,1.041,0.831,90.635,2.691,2.525,2.75,2.3,2.405,3.15,3.575,3.1,5420.044,2.031,2.505
2025-03,1.081,0.837,93.499,2.499,2.442,2.5,2.2,2.741,3.43,3.887,3.391,5417.666,2.113,2.843
2025-04,1.121,0.854,95.972,2.341,2.249,2.25,2.2,2.511,3.26,3.712,3.229,4993.988,1.785,2.636
2025-05,1.128,0.843,96.143,2.169,2.087,2.25,1.9,2.562,3.26,3.629,3.204,5358.469,1.801,2.672
2025-06,1.152,0.85,98.978,2.007,1.984,2,2,2.52,3.24,3.501,3.164,5325.149,1.829,2.631
2025-07,1.168,0.865,100.604,1.922,1.986,2,2,2.631,3.36,3.537,3.241,5351.67,1.857,2.732
2025-08,1.163,0.865,101.842,1.924,2.021,2,2,2.674,3.42,3.538,3.256,5373.8,1.918,2.778
2025-09,1.173,0.869,103.602,1.925,2.027,2,2.2,2.693,3.51,3.559,3.262,5408.021,1.961,2.786
2025-10,1.163,0.872,102.835,1.927,2.034,2,2.1,2.617,3.44,3.442,3.147,5641.07,1.943,2.713
2025-11,1.156,0.88,102.71,1.929,2.042,2,2.1,2.657,3.44,3.459,3.173,5634.126,1.983,2.76
2025-12,1.171,0.875,105.413,1.929,2.048,2,1.9,2.813,3.56,3.552,3.271,5730.931,2.096,2.924
2026-01,1.174,0.868,106.683,1.932,2.028,2,,2.807,3.53,3.492,3.268,5951.596,2.075,2.916
2026-02,1.182,0.87,107.32,1.931,2.011,2,,2.744,3.4,3.388,3.174,6051.726,2.024,2.836
2026-03,1.156,0.866,107.345,1.932,2.109,2,,2.91,3.64,3.733,3.385,5693.788,2.38,2.981
2026-04,1.171,0.869,109.483,1.932,2.175,2,,3,3.73,3.818,3.448,5880.356,2.534,3.075
2026-05,1.167,0.866,111.537,1.931,2.226,2,,3.045,3.74,3.839,3.488,5942.226,2.592,3.097
2026-06,1.152,0.864,109.345,2.045,2.339,2.25,,2.964,3.68,3.734,3.413,6178.956,2.549,3.017
2026-07,1.142,0.854,109.416,2.184,2.425,2.25,,3.07,3.85,3.881,3.53,6291.655,2.655,3.135
2026-08,1.159,0.856,110.653,2.187,2.513,2.25,,3.185,4,3.986,3.63,6483.56,2.739,3.225
2026-09,1.151,0.858,109.914,2.314,2.635,2.5,,,,,,6316.389,3.096,3.489
2026-10,,,,2.44,,2.5,,,,,,,3.029,3.523
